id,category,requirement,source,v38_evidence,bucket,subtype,severity,remaining_action,blocked_by,prior_v37_2_status
BR-01,Brand,Use Say No to Plastic as the movement/site identity.,"Transcript 252-255, 348-354; Register 1.1","Header/footer, most metadata, policies, community, guides, and emails use Say No to Plastic.",1 — Done and proven,Source/structure proven,High,None beyond regression protection.,None,Substantially aligned
BR-02,Brand,Preserve Homo Plasticus as the book/product identity.,Register 1.2,"Book page, checkout, book schema, cover, product data, recovery and receipts use Homo Plasticus.",1 — Done and proven,Source/structure proven,Low,None beyond regression protection.,None,Exact match
BR-03,Brand,"Use Elie R. Haddad, MD as author.",Register 1.3,"Book product data and pages use Elie R. Haddad, MD.",1 — Done and proven,Source/structure proven,Low,None beyond regression protection.,None,Exact match
BR-04,Brand,Keep Dr. Rudolph Eberwein credit limited to the published book context.,Transcript 421-424; Register 1.3,v38 removed the standalone collaborator profile; collaborator credit remains in the published book cover/byline/schema only.,1 — Done and proven,Source/structure proven,Medium,None.,None,Partial
BR-05,Brand,"Create a distinctive, professional Say No to Plastic signature wordmark—not groovy—with the movement mark itself in the established gold family while surrounding navigation/copy can remain white/ivory; provide a reusable kit for site, social, email, print, and future merchandise.","Transcript 254-266, 350-357; Register 1.4-1.5; Blueprint Ch.1 typography/color system","v39.1 included horizontal/compact/monochrome candidates. After direct local review found the live stacked/slash header treatment awkward, v40 replaces it with a calmer horizontal Say No + To Plastic lockup while keeping gold/ivory movement identity. Final typeface/license and owner approval remain open.",3 — Blocked on owner/provider/source input,Owner decision/asset/approval required,High,"Render the v40 header/footer lockup at all target widths, confirm it no longer looks accidental or crowded, then obtain Dr. Haddad/owner approval and final font/license decision before labeling the identity final.",Dr. Haddad / authorized owner,Approximation only
BR-06,Brand,"Use navy, ivory, restrained gold; professional, inviting, not boring.",Transcript 256-266; Register 1.5; Blueprint Ch.1,"v39.1 defines the exact blueprint token values (#09121F, #202020, #F5F1E8, #B4823A, #C79A55) in the active design layer and defines an Inter + Cormorant/DM Serif-ready typography stack with system fallbacks. Older legacy selectors still contain close predecessor values, so real rendered review is required to prove the final visual system is coherent rather than mixed.",2 — Our work remains,Built; rendered/interaction/visual proof still required,Medium,"Render every major route and verify the active navy/ivory/gold and type hierarchy feels coherent, professional, and inviting; identify and remove any visible legacy-style drift before approval.",None,Partial
BR-07,Brand,"Titles, navigation identity, conversion actions, and exposure-section copy must have strong readable visual scale; Dr. Haddad specifically said titles/Get the Book and the exposure text felt too small.","Transcript 93-96, 256-266; Register 1.5; Blueprint Ch.1 typography tokens","v40 responds to the local review with a cleaner header lockup, reduced hero density, 16px exposure body copy, and a rebalanced action bridge. Perceived scale still needs rendered proof across all target widths.",2 — Our work remains,Built; rendered/interaction/visual proof still required,Medium,"Verify v40 title, wordmark, Get the Book CTA, exposure labels/body, action bridge, and footer/legal text at every target viewport and 200% zoom; correct any undersized or oversized treatment.",None,Substantially aligned
BR-08,Brand,Use saynotoplastic.com as final domain identity.,"Transcript 252-255, 506-512; Register 10 Domain",Source defaults now use https://saynotoplastic.com; legacy homoplasticus.com remains only as the WooCommerce fallback. DNS/domain connection is not yet proven.,3 — Blocked on owner/provider/source input,External account/provider/domain proof required,Blocker,Connect and verify the real domain/canonical redirects before launch.,External account / provider / domain,Contradicted
BR-09,Brand,Separate public contact/sender identity from the old Homo Plasticus address.,"Transcript 188-194, 461-468; Register 8.2","Source defaults now use support@saynotoplastic.com and separate movement identity, but the actual public inbox/sender has not been owner/provider verified.",3 — Blocked on owner/provider/source input,Owner decision/asset/approval required,High,Owner chooses/approves the public support and sender identities; verify delivery on the domain.,Dr. Haddad / authorized owner,Partial
BR-10,Brand,"Purpose: educate, sell ebook, collect audience, later disclosed affiliate commerce.",Register 1.6,"The site has distinct first-party analytics events for education/resource engagement, book view/checkout/purchase, signup/contact, and affiliate outbound; the underlying purposes are structurally separable. Production analytics-provider proof is tracked separately in OP-10.",1 — Done and proven,Source/structure proven,Medium,None beyond regression protection; production analytics-provider verification remains OP-10.,None,Substantially aligned
IA-01,Information architecture,Explicit Home navigation and logo returns Home.,Transcript 119-126; Register 2 Home,Desktop/mobile nav include Home and wordmark links to /.,1 — Done and proven,Source/structure proven,Low,None beyond regression protection.,None,Exact match
IA-02,Information architecture,Science is the evidence deep-dive and may repeat anatomy findings.,Transcript 309-344; Register 2 Science,Science page repeats findings with direct sources after homepage anatomy.,1 — Done and proven,Source/structure proven,Low,None beyond regression protection.,None,Exact match
IA-03,Information architecture,Solutions is the action hub and Guides is the deeper library.,"Transcript 113-118, 198-213; Register 2 Solutions/Guides",Header labels Solutions and Guides; /solutions links to /resources and Quick Action Card.,1 — Done and proven,Source/structure proven,Low,None beyond regression protection.,None,Exact match
IA-04,Information architecture,Dedicated book page.,Transcript 145-153; Register 2 Book,"/homo-plasticus exists with cover, price, CTA, FAQ, support.",1 — Done and proven,Source/structure proven,Low,None beyond regression protection.,None,Exact match
IA-05,Information architecture,Dedicated Dr. Haddad/About page.,Transcript 123-143; Register 2 About,/about-dr-elie-haddad exists and is in navigation.,1 — Done and proven,Source/structure proven,Low,None beyond regression protection.,None,Exact match
IA-06,Information architecture,"Events & Media destination, not TEDx-only.",Transcript 165-182; Register 2 Media,/media exists; navigation says Events & Media.,1 — Done and proven,Source/structure proven,Low,None beyond regression protection.,None,Exact match
IA-07,Information architecture,TEDx should not be a large homepage section; it belongs under Media.,Transcript 297-302; later explicit decision; Register conflict rule,Homepage has only a generic Events & Media bridge; TEDx-specific content is on /media.,1 — Done and proven,Source/structure proven,Low,None beyond regression protection.,None,Exact match
IA-08,Information architecture,Community contains signup and movement actions.,Transcript 457-470; Register 2 Community,/community includes signup and Learn/Reduce/Share/Advocate pillars.,1 — Done and proven,Source/structure proven,Low,None beyond regression protection.,None,Exact match
IA-09,Information architecture,Community should offer a discoverable inquiry/contact path.,Transcript 483-486; Register 2 Community,v38 Community contains a visible “Ask a question” section linking to /contact and /media.,1 — Done and proven,Source/structure proven,Medium,None.,None,Missing
IA-10,Information architecture,"Separate Contact route for ebook, media, research, partnerships, general questions.",Transcript 182-198; Register 2 Contact,/contact exists with all five categories.,1 — Done and proven,Source/structure proven,Low,None beyond regression protection.,None,Exact match
IA-11,Information architecture,Resources label should not remain ambiguous.,"Transcript 182, 198-210; Register 2 Solutions/Guides","Navigation says Guides; page copy calls it reading room. Route remains /resources, which is acceptable as a technical slug.",1 — Done and proven,Source/structure proven,Low,None beyond regression protection.,None,Substantially aligned
IA-12,Information architecture,Recommendations must not appear as an unexplained primary destination before products are approved.,Transcript 241-250; Register affiliate,"Recommendations is not in primary navigation; the footer labels it “Product review standard,” and the public page shows the review-queue state with no products.",1 — Done and proven,Source/structure proven,Medium,None until approved products exist.,None,Partial
HM-01,Homepage,"Preserve the project premise that plastic is not only an environmental issue, but do not force that setup line into the first-screen hero when it makes the opening too wordy; the later 2026-08-07 local visual review explicitly removed it from the hero.",Transcript 2-10; Register 3 Hero; user local homepage visual review 2026-08-07,v40 removes “Plastic is not just an environmental problem.” from the first-screen hero after direct local review while preserving the broader project premise in the evidence/action narrative and keeping the book line as the H1.,1 — Done and proven,Source/structure proven,Low,Regression-protect the shorter hero. Do not re-add the removed setup line to the hero unless a later explicit owner/user decision asks for it.,None,Exact match
HM-02,Homepage,Keep the book line: “The most dangerous pollutant is the one already inside us.”,Register 3 Hero; supplied cover,Exact line appears as hero H1 emphasis and on official cover.,1 — Done and proven,Source/structure proven,Low,None beyond regression protection.,None,Exact match
HM-03,Homepage,"Remove “From Environmental Crisis to Human Biology,” “Story of Plastics Engine,” and decorative explanation box.",Transcript 9-10; Register 3 Hero,Rejected phrases/box are absent.,1 — Done and proven,Source/structure proven,Low,None beyond regression protection.,None,Exact match
HM-04,Homepage,Introduce project as physician-led without a caveat wall.,Register 3 Hero,Hero eyebrow and deck identify physician-led project; no large disclaimer in hero.,1 — Done and proven,Source/structure proven,Low,None beyond regression protection.,None,Exact match
HM-05,Homepage,Clear scroll prompt for older/nontechnical visitors.,Transcript 77-88; Register 3 Hero/Anatomy,Hero has “Enter the body ↓”; anatomy intro explicitly says scroll and select chapters.,2 — Our work remains,Built; rendered/interaction/visual proof still required,Low,Verify prompt remains visible and understandable at mobile/tablet.,None,Exact match
HM-06,Homepage,First-visit welcome video popup with replay; placeholder until filmed.,Transcript 285-302; later user decision; Register 3 Hero,First-visit modal/replay/focus/scroll-lock behavior is present in source and passes UI audit; browser proof is still required.,2 — Our work remains,Built; rendered/interaction/visual proof still required,Low,"Verify first visit, dismissal memory, replay, mobile, focus return, and reduced motion in the Sites preview.",None,Exact match
HM-07,Homepage,"Welcome film should cover who he is, mission, what microplastics are, sources, and why it matters.",Transcript 288-302; Register 3 Hero,User supplied the welcome MP4 on 2026-08-08. v40.9 integrates a web-optimized H.264/AAC derivative and poster into the first-visit/replay modal and Events & Media. The asset is no longer pending; content-brief verification plus captions/transcript remain to close.,2 — Our work remains,Built; rendered/interaction/visual proof still required,High,Render/test the real film on desktop/tablet/mobile; verify the spoken content against the five-point welcome brief; create or verify captions/transcript before production signoff.,None for the supplied film asset; captions/transcript/content verification still required,Superseded by supplied welcome film; proof remains
HM-08,Homepage,Home book CTA must work.,"Transcript 384-403, 489-490; Register 3 Hero",Hero uses central CheckoutButton; WooCommerce remains default.,2 — Our work remains,Built; rendered/interaction/visual proof still required,Low,Retest in connected preview and live merchant before launch.,None,Exact match
HM-09,Homepage,"Homepage must cover six clear exposure concepts: air, water, food/storage, heat around food, fast fashion/synthetic textiles, and skincare/cosmetics. Labels may be simplified when the concepts stay distinct.",Transcript 89-106; Register 3 Exposure; user local homepage visual review 2026-08-07,"v40 renders Air, Water, Food storage, Heat, Fast fashion, and Skincare and cosmetics. The user explicitly split Food storage from Heat to remove the prior Food / Heat-and-food-contact redundancy.",1 — Done and proven,Source/structure proven,Low,Keep all six concepts represented; rendered proof must confirm Food storage and Heat read as distinct rather than duplicative.,None,Exact match
HM-10,Homepage,Exposure wording must not use ambiguous “routes repeat” / repetition principle.,Transcript 90-108; Register 3 Exposure,Rejected phrases are absent.,1 — Done and proven,Source/structure proven,Low,None beyond regression protection.,None,Exact match
HM-11,Homepage,"Each exposure route needs a clear representative visual and readable copy; examples from the meeting include a person breathing for air, ocean/plastic bottle for water, and plastic-packaged food for food, plus fast fashion and skincare/cosmetics.",Transcript 90-106; Register 3 Exposure; later clarification preserved in v39.1,v39.1 added route-specific editorial SVGs and 16px body copy. v40 keeps those visuals and relabels the overlapping Food/Heat pair as Food storage and Heat after local review.,2 — Our work remains,Built; rendered/interaction/visual proof still required,Medium,"Render all six v40 exposure cards at target widths; verify each visual reads immediately, Food storage and Heat feel distinct, text remains readable, and no icon feels abstract or decorative-only.",None,Partial
HM-12,Homepage,Home action preview should be brief and link to Solutions.,Transcript 108-118; Register 3 Exposure,"v40 keeps the Home action bridge brief, shows the canonical three rules once on the left, removes duplicate rule prose on the right, and retains a single CTA to /solutions.",1 — Done and proven,Source/structure proven,Low,None beyond regression protection and post-fix visual spacing/alignment proof.,None,Exact match
HM-13,Homepage,"Use the Quick Action Card’s authored three core rules: do not heat, store, or drink from plastic.",Transcript 206-210; supplied page 121; Register 3 Exposure,Homepage and Solutions now use the exact three core rules from page 121.,1 — Done and proven,Source/structure proven,High,None.,None,Contradicted
HM-14,Homepage,"Lower-page order: action, book, Dr. Haddad, Events & Media, community.",Register 3 Home sections,Current order matches.,1 — Done and proven,Source/structure proven,Low,None beyond regression protection.,None,Exact match
HM-15,Homepage,"Greatest inheritance quote belongs near lower site/footer, not repeated randomly.",Transcript 303-308; Register 3 Home sections,Quote appears in global footer.,1 — Done and proven,Source/structure proven,Low,None beyond regression protection.,None,Exact match
HM-16,Homepage,Use approved real portrait and media imagery.,Register 3 Home sections,Homepage uses /portrait.webp; approval provenance is not documented in source.,3 — Blocked on owner/provider/source input,Owner decision/asset/approval required,High,Confirm portrait approval/rights and replace with final photography if needed.,Dr. Haddad / authorized owner,Waiting on Dr. Haddad
HM-17,Homepage,Avoid excessive repeated headline/copy blocks.,"Transcript 108-112, 417-420, 338-342","Core premise appears in both hero and immediate “realization” section; action framing also appears in hero, action section, and later pages.",2 — Our work remains,Built; rendered/interaction/visual proof still required,Medium,"During rendered review, test whether the realization section earns its space; remove or merge if it merely restates the hero.",None,Partial
HM-18,Homepage,Primary story should stay focused and not become too long.,"Transcript 108-112, 163-180","TEDx removed, action preview shortened, but homepage still contains hero, realization, long anatomy, exposure, action, long book journey, author, media bridge, signup.",2 — Our work remains,Built; rendered/interaction/visual proof still required,High,Measure scroll length and comprehension; preserve premium anatomy/book but compress any section that repeats a point without new value.,None,Partial
HM-19,Homepage,"The real portrait welcome-film popup must fit inside one standard browser viewport without requiring the visitor to scroll the modal; the complete video frame, close control, welcome copy, Play control, and Continue control must remain visible. Extreme zoom or genuinely tiny effective viewports may scroll only as an accessibility escape hatch.",Rendered user review 2026-08-08; screenshot of v40.9 welcome dialog,"v40.10 caps the desktop dialog to 720px / viewport height, uses a dedicated portrait-film column, removes the inherited 640px media minimum, compacts copy spacing, keeps tablet two-column, and uses bounded mobile rows. A tiny-viewport/zoom exception preserves access to every control.",2 — Our work remains,Built; rendered/interaction/visual proof still required,High,"Render the first-visit and replay dialog at laptop, tablet, mobile, 200% zoom, and reduced-motion states. At standard viewports confirm no modal/page scrolling is needed and the full portrait frame plus all controls are visible; at extreme zoom confirm the accessibility scroll escape hatch keeps every control reachable.",None,New from rendered review
AN-01,Anatomy,Chapter 1 full body/circulation with blood finding.,"Transcript 14-24, 74-88; Register 3 Anatomy","Homepage journey starts with full maternal body, vasculature, and blood study.",2 — Our work remains,Built; rendered/interaction/visual proof still required,Medium,Rendered clinical review required; opening context should not imply all later evidence belongs to a pregnant body.,None,Substantially aligned
AN-02,Anatomy,Chapter 2 recognizable brain with Nature Medicine study.,Transcript 31-32; Register 3 Anatomy,Licensed brain model/fallback and direct source are present.,2 — Our work remains,Built; rendered/interaction/visual proof still required,Medium,Verify recognizability and camera transition in rendered preview.,None,Substantially aligned
AN-03,Anatomy,Chapter 3 actual heart and coronary/vascular context.,"Transcript 14-16, 32-46; Register 3 Anatomy",3D heart and vasculature are included; fallback heart is simplified but recognizable.,2 — Our work remains,Built; rendered/interaction/visual proof still required,High,Conduct rendered clinical-art review and improve fallback if it reads as an abstract mass.,None,Substantially aligned
AN-04,Anatomy,Keep carotid plaque and coronary blood studies distinct.,Transcript 32-46; Register 3 Anatomy,Both studies are separate records and source links within one chapter.,1 — Done and proven,Source/structure proven,Low,None beyond regression protection.,None,Exact match
AN-05,Anatomy,Do not use unsupported “three times higher” claim.,Transcript 36; Register 3 Anatomy,Current coronary result uses source-derived exact numbers/association and does not display the colloquial claim.,1 — Done and proven,Source/structure proven,Low,None beyond regression protection.,None,Exact match
AN-06,Anatomy,"Pregnancy scene must show female torso, uterus, fetus, umbilical connection, placenta.","Transcript 18-24, 48-54, 74-76; Register 3 Anatomy","Scene layers include body, pelvis, uterus, fetus, placenta; hero/fallback image shows cutaway.",2 — Our work remains,Built; rendered/interaction/visual proof still required,High,"Clinical-art review must confirm registration, umbilical/placental clarity, and biological plausibility.",None,Substantially aligned
AN-07,Anatomy,Pregnancy and placenta should be one coherent maternal-fetal scene.,Register 3 Anatomy,Homepage combines them into one chapter.,2 — Our work remains,Built; rendered/interaction/visual proof still required,Low,No change.,None,Exact match
AN-08,Anatomy,Ovary must be recognizable and followed by follicular magnification.,Transcript 52-60; Register 3 Anatomy,v38 replaced the rejected generic fallback with a labeled ovary/follicle cross-section and follicular-fluid context. Source audit passes; recognizability and clinical quality are unproven in the rendered site.,2 — Our work remains,Built; rendered/interaction/visual proof still required,Blocker,"Render at all target viewports; confirm ovary, follicles, developing egg, and follicular-fluid magnification are immediately understandable; revise after clinical review if needed.",None,Approximation only
AN-09,Anatomy,Human follicular-fluid study leads; mouse/cell secondary.,Transcript 56-60; Register 3 Anatomy,Human 14-of-18 study leads; mouse work is not foregrounded.,1 — Done and proven,Source/structure proven,Low,None beyond regression protection.,None,Exact match
AN-10,Anatomy,"Testicular anatomy identifiable to non-scientists, with labels.",Transcript 24-26; Register 3 Anatomy,v38 replaced the low-detail fallback with a labeled testis/epididymis view generated from licensed BodyParts3D surfaces.,2 — Our work remains,Built; rendered/interaction/visual proof still required,Blocker,Render at all target viewports and obtain clinical/anatomy approval; revise if a non-scientist cannot identify the structure.,None,Approximation only
AN-11,Anatomy,"Human testicular finding first, methods secondary.",Register 3 Anatomy,Headline/stat/finding lead; method is inside details.,1 — Done and proven,Source/structure proven,Low,None beyond regression protection.,None,Exact match
AN-12,Anatomy,Chapter 7 exits to action/Science.,Register 3 Anatomy,Explicit exit panel links to Solutions and Science.,1 — Done and proven,Source/structure proven,Low,None beyond regression protection.,None,Exact match
AN-13,Anatomy,Scroll drives primary story.,"Transcript 13, 77-88; Register 3 Behavior",Scroll progress drives active state and 3D camera.,2 — Our work remains,Built; rendered/interaction/visual proof still required,Low,Browser QA still required.,None,Exact match
AN-14,Anatomy,"Chapter navigation clickable, keyboard, touch.",Transcript 77-88; Register 3 Behavior,Real buttons move to steps and are keyboard/touch operable.,2 — Our work remains,Built; rendered/interaction/visual proof still required,Low,Browser QA still required.,None,Exact match
AN-15,Anatomy,"Scroll, highlighted label, structure, finding stay synchronized.",Register 3 Behavior,"Single active index drives navigation, copy, and scene.",2 — Our work remains,Built; rendered/interaction/visual proof still required,Medium,"Rendered interaction QA required for rapid scrolling, resize, and touch.",None,Substantially aligned
AN-16,Anatomy,Reduced-motion equivalent has same information in stable panels.,Register 3 Behavior,Reduced motion uses image fallback while text remains; no camera motion.,2 — Our work remains,Built; rendered/interaction/visual proof still required,High,Test OS reduced motion at all viewports and ensure every stage image is recognizable.,None,Substantially aligned
AN-17,Anatomy,Use real licensed recognizable models/clinical illustration; no decorative primitives as anatomy.,Register 3 Behavior,"NIH/BodyParts3D/fetal model licenses are documented; particles are decorative, anatomy is model-based. Ovary/testis visual quality remains insufficient.",2 — Our work remains,Built; rendered/interaction/visual proof still required,High,Complete clinical review and replace weak assets before approval.,None,Partial
AN-18,Anatomy,"Each chapter includes caption, finding, meaning, context/limits, direct source.",Register 3 Behavior,All fields are present.,1 — Done and proven,Source/structure proven,Low,None beyond regression protection.,None,Exact match
SC-01,Science,"Lead with findings, plain language, original sources.",Transcript 277-344; Register 4,Science page starts with finding/stat/meaning; direct sources follow.,1 — Done and proven,Source/structure proven,Low,None beyond regression protection.,None,Exact match
SC-02,Science,Brain Nature Medicine human tissue finding.,Transcript 31-32; Register 4,Human brain evidence record and direct source included.,1 — Done and proven,Source/structure proven,Low,None beyond regression protection.,None,Exact match
SC-03,Science,2024 carotid plaque study distinct.,Transcript 32-46; Register 4,Distinct NEJM record.,1 — Done and proven,Source/structure proven,Low,None beyond regression protection.,None,Exact match
SC-04,Science,Coronary blood/acute heart attack study included accurately.,Transcript 36-46; Register 4,European Heart Journal record included with exact groups and limitation. Publication year corrected to 2026 from primary source.,1 — Done and proven,Source/structure proven,Low,None beyond regression protection.,None,Exact match
SC-05,Science,Placenta maternal/fetal-facing context.,Transcript 50-52; Register 4,Counts and side-specific tissue locations are explained.,1 — Done and proven,Source/structure proven,Low,None beyond regression protection.,None,Exact match
SC-06,Science,Human follicular fluid 14/18 and concentration leads.,Transcript 52-60; Register 4,"14/18 and 2,191 particles/mL included.",1 — Done and proven,Source/structure proven,Low,None beyond regression protection.,None,Exact match
SC-07,Science,Explain follicular fluid in everyday language.,Register 4,Model note and meaning define it as liquid surrounding/supporting a developing egg.,1 — Done and proven,Source/structure proven,Low,None beyond regression protection.,None,Exact match
SC-08,Science,Testicular evidence consumer meaning before method.,Register 4,Finding/stat/meaning precede method details.,1 — Done and proven,Source/structure proven,Low,None beyond regression protection.,None,Exact match
SC-09,Science,Keep reputable WHO/FDA/MD Anderson context only when useful.,"Transcript 277-284, 335-342; Register 4",v39 keeps the purposeful institutional source block on Science and removes the duplicated WHO/FDA/MD Anderson-style source list from Resources.,1 — Done and proven,Source/structure proven,Medium,Protect from regression; future institutional links should add a distinct reader purpose.,None,Partial
SC-10,Science,Remove generic “how we are honest/how we verify” sermon before findings.,Transcript 319-320; Register 4,v39 removes the standalone Science editorial-standard sermon while retaining concise study-specific limitations after findings; no generic verification preamble blocks the primary reading path.,1 — Done and proven,Source/structure proven,Medium,Protect finding-first ordering and keep future methodology/meta copy subordinate.,None,Substantially aligned
SC-11,Science,"Do not overstate causation, disease, fertility, detox, treatment.",Register 4,Limitations are explicit and no direct treatment claim is made.,1 — Done and proven,Source/structure proven,Low,None beyond regression protection.,None,Exact match
SC-12,Science,Technical terms explained where they matter.,Register 4,"Follicular fluid, plaque, placenta, and methods are contextualized; some method names remain technical inside expandable details.",1 — Done and proven,Source/structure proven,Low,None beyond regression protection.,None,Exact match
SO-01,Solutions,First practical message is simply use less plastic.,"Transcript 200-216, 218-240; later user clarification; Register 5",Solutions H1 is “First: use less plastic.”,1 — Done and proven,Source/structure proven,Low,None beyond regression protection.,None,Exact match
SO-02,Solutions,Avoid multiple adjacent frameworks/checklists.,"Transcript 108-112, 217-240, 417-420",v39 limits the planner to the same three core-rule applications and explicitly frames it as choosing one of those rules rather than introducing another six-step system.,2 — Our work remains,Built; rendered/interaction/visual proof still required,Medium,"Rendered comprehension review: confirm the three-rule block and one-choice planner read as one hierarchy, not two competing frameworks.",None,Substantially aligned
SO-03,Solutions,Choose one realistic change at a time.,Later user clarification; Register clarity,Action planner limits selection to one.,1 — Done and proven,Source/structure proven,Low,None beyond regression protection.,None,Exact match
SO-04,Solutions,Preserve Dr. Haddad’s 12-action Quick Action Card as authored.,Transcript 206-210; supplied page 121; Register 5,v38 reproduces all 12 supplied Quick Action Card actions as live text in source order.,1 — Done and proven,Source/structure proven,Blocker,"None, except owner review of contested clinical language tracked separately in SO-19.",None,Contradicted
SO-05,Solutions,"Original core rules: do not heat plastic, do not store food in plastic, do not drink from plastic.",Supplied Quick Action Card page 121; Register 3/5,The exact three book rules are restored verbatim.,1 — Done and proven,Source/structure proven,High,None.,None,Contradicted
SO-06,Solutions,Water: avoid plastic bottles.,Transcript 218-224; Quick Action Card item 1; Register 5,Water guide and Solutions now lead with avoiding routine plastic bottles and using glass/stainless steel.,1 — Done and proven,Source/structure proven,High,None.,None,Partial
SO-07,Solutions,Water: explain reverse osmosis simply where appropriate.,Transcript 218-224; Quick Action Card item 2; Register 5,Reverse osmosis is now named and explained plainly in the guide while retaining local-water/maintenance context.,3 — Blocked on owner/provider/source input,Owner decision/asset/approval required,High,Dr. Haddad approves final clinical/product-guidance wording before launch.,Dr. Haddad / authorized owner,Partial
SO-08,Solutions,Do not heat/microwave food in plastic.,Transcript 225-230; Quick Action Card item 3; Register 5,Direct guidance appears across actions/guides.,1 — Done and proven,Source/structure proven,Low,None beyond regression protection.,None,Exact match
SO-09,Solutions,Do not recommend cooling hot food before moving it into plastic storage.,Transcript 229-230; Register 5,The explicitly rejected “cool then transfer to plastic storage” sentence is absent; the guide now directs routine storage to glass/ceramic/stainless steel.,1 — Done and proven,Source/structure proven,Blocker,None.,None,Contradicted
SO-10,Solutions,"Use glass, ceramic, or steel for storage.",Transcript 230-234; Quick Action Card item 4; Register 5,Guides recommend these materials but often qualify with “high-frequency” or “when practical.”,1 — Done and proven,Source/structure proven,Medium,None beyond regression protection.,None,Substantially aligned
SO-11,Solutions,"Kitchen conversion should include tools, plates, cups, spatulas, storage supplies.",Transcript 234-240; Register 5,"A dedicated plastic-kitchen-conversion guide covers storage, drinkware, utensils, plates, cups, and common hot-food tools.",1 — Done and proven,Source/structure proven,High,None.,None,Missing
SO-12,Solutions,"Direct memorable message eliminating single-use cups, plates, and foodware where possible.",Transcript 236-240; Register 5,"A dedicated single-use-plastic-foodware guide and Solutions bridge cover cups, plates, utensils, takeout containers, and recurring event/meal routines.",1 — Done and proven,Source/structure proven,High,None.,None,Missing
SO-13,Solutions,"Canned/heavily packaged foods included with precise, sourced wording.",Transcript 226; Quick Action Card item 7; Register 5,"Packaging guide mentions polymer can liners and favors less packaging, but avoids the direct “avoid canned” instruction.",3 — Blocked on owner/provider/source input,Owner decision/asset/approval required,Medium,Draft source-backed can-liner guidance for Dr. Haddad approval; avoid unsupported blanket claims.,Dr. Haddad / authorized owner,Partial
SO-14,Solutions,Indoor dust: HEPA and ventilation.,Quick Action Card item 6; Register 5,"Guide includes damp dusting, filtered vacuum, and ventilation.",1 — Done and proven,Source/structure proven,Low,None beyond regression protection.,None,Exact match
SO-15,Solutions,"Fast fashion/synthetic textiles across home, solutions/guides, affiliates.","Transcript 96-106, 367-370; Register 5","Present on Home, guides, actions, affiliate categories.",1 — Done and proven,Source/structure proven,Low,None beyond regression protection.,None,Exact match
SO-16,Solutions,"Skincare/cosmetics across home, solutions/guides, affiliates.","Transcript 102-106, 368-372; Register 5","Present on Home, guides, actions, affiliate categories.",1 — Done and proven,Source/structure proven,Low,None beyond regression protection.,None,Exact match
SO-17,Solutions,People should choose cleaner personal-care products in plain language.,Transcript 370-372,"v39 personal-care guide now leads with a concrete daily-product decision: avoid deliberately added plastic beads/glitter-like particles, prefer clear ingredient information and lower-plastic packaging where practical, and preserve medically important products.",1 — Done and proven,Source/structure proven,Medium,Protect the practical criteria from vague “clean” marketing claims.,None,Partial
SO-18,Solutions,Avoid “do not turn precaution into panic” and formula-like language as major sections.,Transcript 373-378; Register 5,"v39 removes repeated anti-panic/perfection framing from the primary Solutions, Community, Media-topic, footer, food-packaging, kitchen-conversion, and book-action paths. Remaining boundary language is confined to appropriate editorial/About contexts.",1 — Done and proven,Source/structure proven,High,Protect action paths from reintroducing caution-first or formula-like frameworks.,None,Partial
SO-19,Solutions,12-action card items 10-11 need author attribution/approval rather than unsupported medical promises.,Register 5; supplied card,The authored sauna/detox-food/health-protection wording is preserved with visible evidence-boundary notes rather than silently rewritten.,3 — Blocked on owner/provider/source input,Owner decision/asset/approval required,High,Dr. Haddad provides final clinical/editorial approval or revised author wording.,Dr. Haddad / authorized owner,Partial
SO-20,Solutions,Printable/downloadable branded Quick Action Card.,Transcript 206-210; Register 5,Quick Action Card has a Print/Save as PDF control and accessible web version.,1 — Done and proven,Source/structure proven,High,None.,None,Partial
BK-01,Book,Maintain premium scroll/read-map journey.,Transcript 149-153; Register 6,BookJourney exists with scroll-driven cover/open spread/page turns and chapter controls.,2 — Our work remains,Built; rendered/interaction/visual proof still required,High,"Rendered collision, crop, touch, keyboard, and reduced-motion QA required.",None,Substantially aligned
BK-02,Book,Use correct published cover with collaborator credit.,Transcript 404-407; supplied cover; Register 6,book-official.webp matches supplied cover and is used on book/product/commerce surfaces.,1 — Done and proven,Source/structure proven,Low,None beyond regression protection.,None,Exact match
BK-03,Book,Remove redundant book-introduction blocks.,Transcript 411-420; Register 6,"v39 merges duplicate book premise/audience material into one “Why this book” section, removes the standalone collaborator profile treatment, and preserves distinct hero, inquiry journey, FAQ, and conversion roles.",2 — Our work remains,Built; rendered/interaction/visual proof still required,High,Rendered content-purpose review: confirm each surviving book section adds new value and the page does not feel repetitive at target viewports.,None,Partial
BK-04,Book,"Desktop composition left book/right title, price, delivery, CTA.",Register 6,Book page source follows left visual/right copy.,2 — Our work remains,Built; rendered/interaction/visual proof still required,Medium,Verify at 1440/1280/1024 and fix overlap/crop.,None,Substantially aligned
BK-05,Book,"Open-spread content must use approved themes/sample, not invented filler.",Register 6,Current read-map copy is editorially invented from general themes; no owner-approved excerpt/sample is available.,3 — Blocked on owner/provider/source input,Owner decision/asset/approval required,High,Replace with approved chapter themes or excerpt once permission is provided.,Dr. Haddad / authorized owner,Waiting on Dr. Haddad
BK-06,Book,Reduced-motion stable alternative.,Register 6,Reduced summary exists.,2 — Our work remains,Built; rendered/interaction/visual proof still required,Medium,Browser test with reduced motion.,None,Substantially aligned
BK-07,Book,"FAQ covers digital format, audience, medical boundary, delivery, support, final sale.",Transcript 425-428; Register 6,All topics present.,1 — Done and proven,Source/structure proven,Low,None beyond regression protection.,None,Exact match
BK-08,Book,Buyer gets download on confirmation and email; recovery/support path.,Transcript 384-403; Register 6 Commerce,Native infrastructure supports success/access/recovery; WooCommerce production route is still external and actual fulfillment is unverified.,3 — Blocked on owner/provider/source input,External account/provider/domain proof required,Blocker,Test real WooCommerce/native preview flows and confirm download availability beyond email-only access.,External account / provider / domain,Waiting on external provider
BK-09,Book,Preserve WooCommerce unless explicit platform replacement.,Register 6 Commerce; later user decision,COMMERCE_MODE defaults to WooCommerce; native Stripe is parked.,1 — Done and proven,Source/structure proven,Low,None beyond regression protection.,None,Exact match
BK-10,Book,Native checkout infrastructure connected but inactive until approval.,Transcript 391-403; later user decision,Stripe/D1/R2/Resend infrastructure exists behind mode switch and preview.,1 — Done and proven,Source/structure proven,Low,None beyond regression protection.,None,Exact match
BK-11,Book,"Final price, publication metadata, file, tax/territory require owner approval.",Register 6 Inputs,Price is 9.97; publication date/page count/ISBN/preview are pending; final PDF absent.,3 — Blocked on owner/provider/source input,Owner decision/asset/approval required,Blocker,Obtain and insert approved product inputs; run preflight.,Dr. Haddad / authorized owner,Waiting on Dr. Haddad
BK-12,Book,Do not collect cards in application.,Register 6 Commerce,Checkout is provider-hosted.,1 — Done and proven,Source/structure proven,Low,None beyond regression protection.,None,Exact match
AB-01,About,Hero: Meet the Physician Behind the Movement.,Register 7,Exact wording appears.,1 — Done and proven,Source/structure proven,Low,None beyond regression protection.,None,Exact match
AB-02,About,Use supplied personal narrative as primary source.,Transcript 123-143; Register 7,"The current About page contains a detailed narrative arc, but the Master Delivery Register says supplied Chapter 3 Parts I and II are the primary source of truth. Those source files are not preserved in the v38 source set, so exact alignment cannot be independently proven from this package.",3 — Blocked on owner/provider/source input,Owner decision/asset/approval required,Medium,"Recover the supplied Chapter 3 Part I/II biography source from the old Work chat or Dr. Haddad, then compare the About page line by line before signoff.",Dr. Haddad / authorized owner,Substantially aligned
AB-03,About,Narrative arc: cardiology → environmental inquiry → public education.,Register 7,Arc is explicit.,1 — Done and proven,Source/structure proven,Low,None beyond regression protection.,None,Exact match
AB-04,About,"Philosophy includes science before sensation, curiosity, progress, future generations, causes/prevention, hope.",Register 7,All six principles appear.,1 — Done and proven,Source/structure proven,Low,None beyond regression protection.,None,Exact match
AB-05,About,Credentials section should be titled Education; remove “Training built for complexity.”,Transcript 442-450; Register 7,Section is titled Education; rejected phrase absent.,1 — Done and proven,Source/structure proven,Low,None beyond regression protection.,None,Exact match
AB-06,About,Approved education timeline: St. George’s; Jackson Memorial/Health; cardiovascular; electrophysiology; current work after confirmation.,Transcript 448-456; Register 7,v40.6 follows the higher-authority transcript/Register for public display: St. George’s and Jackson Memorial / Jackson Health are shown; fellowship institutions/dates are not invented; the older Drexel conflict remains recorded internally.,3 — Blocked on owner/provider/source input,Owner decision/asset/approval required,Blocker,Dr. Haddad confirms the exact education/career chronology and dates for final provenance; do not reintroduce public workflow-warning language unless requested.,Dr. Haddad / authorized owner,Contradicted
AB-07,About,Current professional work only after confirmation.,Register 7,Current-work details are intentionally not expanded into unverified institutions/titles.,3 — Blocked on owner/provider/source input,Owner decision/asset/approval required,High,Dr. Haddad confirms approved current professional wording and dates.,Dr. Haddad / authorized owner,Partial
AB-08,About,"Use real approved photographs: portrait, TEDx, reflective nature, workspace; family only with permission.",Register 7,Only portrait/TEDx assets are present; nature/workspace/family assets are absent.,3 — Blocked on owner/provider/source input,Owner decision/asset/approval required,High,Collect final approved photo set and rights.,Dr. Haddad / authorized owner,Waiting on Dr. Haddad
AB-09,About,Portrait should be natural/recognizable; blueprint preferred no white coat/stethoscope.,Blueprint Ch.2 6.3; Register 7,About hero uses a real-looking white-coat profile image; homepage uses scrubs portrait.,3 — Blocked on owner/provider/source input,Owner decision/asset/approval required,Medium,Confirm whether white-coat image is approved; otherwise replace with final professional dark-shirt/scrubs portrait.,Dr. Haddad / authorized owner,Partial
AB-10,About,Include Explore the Science and Join the Movement actions.,Register 7,Both CTAs appear.,1 — Done and proven,Source/structure proven,Low,None beyond regression protection.,None,Exact match
AB-11,About,Do not position collaborator as movement participant.,Transcript 421-424,About page does not mention collaborator.,1 — Done and proven,Source/structure proven,Low,None beyond regression protection.,None,Exact match
AB-12,About,Avoid generic AI credential framing.,Transcript 442-448; Register 7,"The specifically rejected “Training built for complexity” framing is gone, but the Register says the About page should use supplied Chapter 3 Parts I/II as its primary source. Those files are absent from v38, so a full generic-AI-framing comparison cannot be independently completed.",3 — Blocked on owner/provider/source input,Owner decision/asset/approval required,Low,"Recover Chapter 3 Parts I/II, then perform a line-by-line About copy provenance/tone pass before signoff.",Dr. Haddad / authorized owner,Substantially aligned
MC-01,Media,"Events & Media supports TEDx, news, interviews, podcasts, panels, events.",Transcript 169-182; Register 8,"Page structure supports talk, conversation, press kit, inquiries; no structured inventory for news/panels/events.",1 — Done and proven,Source/structure proven,High,None beyond regression protection.,None,Partial
MC-02,Media,"When the official TEDx video arrives, it must replace the interim recording and only the verified official release may be labeled official.",Transcript 147-160; Register 8; later explicit user decision 2026-08-07,v40.7 publishes the preserved audience-recorded YouTube link only as a clearly labeled temporary recording; the official TEDx release remains the required replacement.,2 — Our work remains,Built; rendered/interaction/visual proof still required,Blocker,Render/test the temporary player and status copy now; replace the exact URL/status with the official TEDx release when Dr. Haddad provides it.,None for interim link; official release still pending,Superseded in part by later explicit user decision
MC-03,Media,Later explicit user authorization permits the informal phone recording as a temporary TEDx link only; it must never be presented as the official release.,Transcript 147-160; later explicit user decision 2026-08-07,"v40.7 records publicationApproval=user_authorized, ownerApproved=false, temporary=true, and replacementRequired=true for the exact preserved YouTube ID MVnY2vw99SY.",2 — Our work remains,Built; rendered/interaction/visual proof still required,High,Verify the public page visibly says temporary and the official release can replace the registry entry without redesign.,None for interim link,Superseded in part by later explicit user decision
MC-04,Media,Podcast/Spotify can be added later without redesign.,Transcript 182; Register 8,Media uses a typed approval-aware registry supporting talk/interview/podcast/news/panel/event entries without redesign.,1 — Done and proven,Source/structure proven,Medium,None.,None,Partial
MC-05,Media,"Every media item needs verified URL, date, platform, thumbnail/right-to-use status.",Register 8,v40.7 records exact current URLs/platform/thumbnail-rights status for TEDx and the long conversation without inventing publication dates. Both dates remain explicitly pending verification.,3 — Blocked on owner/provider/source input,Owner decision/asset/approval required,High,Verify exact publication dates and final reuse/thumbnail-rights status for the two current videos; keep the registry dateStatus explicit until then.,Media source metadata / rights confirmation,Missing
MC-06,Media,NBC/news and other appearances included when provided.,Transcript 178-182; Register 8,Not present.,3 — Blocked on owner/provider/source input,Owner decision/asset/approval required,Medium,"Request links, dates, thumbnails, rights.",Dr. Haddad / authorized owner,Waiting on Dr. Haddad
MC-07,Media,"Press kit with biography, topics, facts, assets.",Register 8,Press kit exists and labels asset limitations.,1 — Done and proven,Source/structure proven,Low,None beyond regression protection.,None,Exact match
MC-08,Community,Newsletter signup and Learn/Reduce/Share/Advocate.,Transcript 457-470; Register 8,All present.,1 — Done and proven,Source/structure proven,Low,None beyond regression protection.,None,Exact match
MC-09,Community,"Keep field-notes proposition human, useful, not wordy.",Register 8,"v39 trims evidence-honesty/anti-fear meta framing from Community, footer field notes, and media topics; the proposition now states the utility directly.",1 — Done and proven,Source/structure proven,Medium,Protect concise field-notes/community copy from generic editorial filler.,None,Substantially aligned
MC-10,Community,Newsletter provider/account must be truly configured before described as live.,Transcript 461-468; Register 8,"Resend/D1 outbox infrastructure exists; Mailchimp audience is not configured. Signup UI appears operational, but provider activation is pending.",3 — Blocked on owner/provider/source input,External account/provider/domain proof required,Blocker,"Choose/approve provider, sender domain, audience/contact model, double opt-in strategy, and run test deliveries.",External account / provider / domain,Waiting on external provider
MC-11,Community,Mailchimp plug-in infrastructure requested by Dr. Haddad.,Transcript 461-468; Register 8 Asset,v38 separates transactional email from the marketing audience and ships explicit Mailchimp and Resend audience adapters with AUDIENCE_PROVIDER=none by default.,1 — Done and proven,Source/structure proven,High,Owner chooses the marketing audience provider and policy before activation.,None,Contradicted
MC-12,Contact,Lead with Ask a question.,Transcript 195-198; Register 9,Exact heading.,1 — Done and proven,Source/structure proven,Low,None beyond regression protection.,None,Exact match
MC-13,Contact,Five inquiry categories.,Register 9,All five present in copy/form.,1 — Done and proven,Source/structure proven,Low,None beyond regression protection.,None,Exact match
MC-14,Contact,Medical disclaimer must not dominate.,Transcript 197-198; Register 9,Small note below form.,1 — Done and proven,Source/structure proven,Low,None beyond regression protection.,None,Exact match
MC-15,Contact,Route inquiries to correct inbox/category.,"Transcript 183-198, 481-486; Register 9 Contact",Category captured and durable outbox exists; real routing/delivery not provider-tested.,3 — Blocked on owner/provider/source input,External account/provider/domain proof required,High,Configure support recipients and test each category end to end.,External account / provider / domain,Waiting on external provider
OP-01,Legal,"Privacy policy matches actual analytics, email, checkout, data.",Register 9,"Detailed policies and consent controls exist; production providers/modes are not active, so final match is pending.",3 — Blocked on owner/provider/source input,External account/provider/domain proof required,High,Reconcile policy immediately before activation and launch.,External account / provider / domain,Partial
OP-02,Legal,Digital sales final; genuine technical access problems receive support.,Transcript 473-478; Register 9,Refund and book copy state this.,1 — Done and proven,Source/structure proven,Low,None beyond regression protection.,None,Exact match
OP-03,Legal,Affiliate disclosure near links and dedicated page.,Register 9,Infrastructure supports near-link disclosure and policy page. No products are live.,1 — Done and proven,Source/structure proven,Low,None beyond regression protection.,None,Exact match
OP-04,Affiliate,Do not publish empty shelves or invented recommendations.,Register 9,Products array empty; page shows review framework/empty state instead of fake products.,1 — Done and proven,Source/structure proven,Medium,None beyond regression protection.,None,Substantially aligned
OP-05,Affiliate,Merchant/product registry with required fields.,Register 9,Typed JSON/catalog and preflight exist.,1 — Done and proven,Source/structure proven,Low,None beyond regression protection.,None,Exact match
OP-06,Affiliate,"Initial categories: clothing, kitchen, water filtration, skincare/cosmetics, household.",Transcript 241-250; Register 9,"Water, kitchen, home, textiles, personal care categories exist.",1 — Done and proven,Source/structure proven,Low,None beyond regression protection.,None,Exact match
OP-07,Affiliate,Affiliate disclosure uses movement identity.,Register 1/9,Affiliate disclosure now identifies Say No to Plastic as the commission recipient/movement identity.,1 — Done and proven,Source/structure proven,High,None.,None,Contradicted
OP-08,SEO,"Sitemap, robots, canonical, Organization/Person/Book/Article schema.",Register 10,All exist.,3 — Blocked on owner/provider/source input,External account/provider/domain proof required,High,Correct canonical domain and validate rich results/Search Console.,External account / provider / domain,Substantially aligned
OP-09,SEO,No accidental noindex and indexable guide pages.,Register 10,Robots/meta indicate index/follow; routes exist.,1 — Done and proven,Source/structure proven,Medium,None beyond regression protection.,None,Substantially aligned
OP-10,Analytics,"Privacy-aware events for science, book, checkout, order, signup, media, guide, affiliate.",Register 10,Consent-aware event endpoint and tracked links exist; live analytics platform verification is absent.,3 — Blocked on owner/provider/source input,External account/provider/domain proof required,High,Configure provider and verify event matrix without health/payment data.,External account / provider / domain,Waiting on external provider
OP-11,Content engine,"Nontechnical owner can add studies, guides, media, field notes, products without breaking site.",Register 10,"v39 adds four nontechnical JSON intake templates, a content operations runbook, safe publication defaults, and a dependency-free content:preflight gate. Existing media/affiliate publication gates are also audited.",2 — Our work remains,Built; rendered/interaction/visual proof still required,Medium,Run one usability handoff with a nontechnical owner/editor and confirm they can complete each intake template without developer interpretation; keep publication behind review/build gates.,None,Partial
OP-12,Performance,"Split heavy visuals, optimized media, fallbacks, slow-mobile tests.",Register 10,Dynamic anatomy split/fallbacks exist; build reports >500k client chunk; no slow-network/LCP proof.,2 — Our work remains,Built; rendered/interaction/visual proof still required,High,"The 3D anatomy module is already dynamically split and fallbacks exist. Use the real Sites production build to profile the oversized chunk, image weights, LCP/CLS, and slow-mobile behavior before deciding whether further code splitting is necessary.",None,Partial
OP-13,Accessibility,"Keyboard, focus, semantic headings, forms, contrast, 200% zoom/reflow, reduced motion, and exact responsive viewport checks including 1440, 1366, 1280, 1024, 768, 430, 390, 375, 360, and 320 widths.","Register 10; Blueprint Ch.1 §§3,8; Blueprint Ch.2 §§12-13",Source-level UI audits and accessibility patterns exist; the exact browser/device/zoom matrix is not yet completed.,2 — Our work remains,Built; rendered/interaction/visual proof still required,High,"Run manual browser QA at the full viewport matrix, 200% zoom, keyboard-only, reduced-motion, and no-WebGL states; record screenshots and defects.",None,Partial
OP-14,Operations,Newsletter/contact/commerce intent should survive provider failure.,Later operational requirements,"D1 outbox, leases, idempotency, retry ceiling, readiness/drain are implemented.",1 — Done and proven,Source/structure proven,Low,None beyond regression protection.,None,Exact match
OP-15,Operations,Production activation and monitoring remain parked until accounts/assets approved.,Later explicit decision,Mode remains WooCommerce; provider inputs absent; docs park activation.,1 — Done and proven,Source/structure proven,Low,None beyond regression protection.,None,Exact match
OP-16,Operations,D1 migrations verified in isolated environment before activation.,Operations gate,All six migrations 0000–0005 were applied to an isolated SQLite database during this completion audit; integrity_check returned ok and required tables/indexes exist.,1 — Done and proven,Source/structure proven,Blocker,Do not apply to production until the deployment/account gate.,None,Waiting on external provider
OP-17,Operations,"Final ebook, welcome video, media links, affiliates, domain, sender ownership remain visible open items.",Transcript 432; Register 11-13,PARKED_OWNER_ACTIONS documents them.,1 — Done and proven,Source/structure proven,Low,None beyond regression protection.,None,Exact match
CF-01,Source conflict,Older blueprint placed a full TEDx section and hero TEDx CTA on Home.,"Blueprint Ch.2 sections 1 and 7 vs transcript 165-182, 297-302 and later decision",Current site keeps TEDx under Media only.,1 — Done and proven,Source/structure proven,Low,None beyond regression protection.,None,Superseded by later explicit decision
CF-02,Source conflict,Older blueprint hero headline “The greatest pollution crisis…” vs transcript shorter premise.,Blueprint Ch.2 Hero vs transcript 2-10,Current uses transcript/register premise.,1 — Done and proven,Source/structure proven,Low,None beyond regression protection.,None,Superseded by later explicit decision
CF-03,Source conflict,Older blueprint requires Inter + Cormorant/DM Serif; current code uses Arial + Georgia/Palatino.,Blueprint Ch.1 Typography,"v39 defines an Inter/Cormorant/DM-Serif-ready typography stack with system fallbacks and a matching wordmark candidate, without introducing a third-party font fetch. The final signature typeface is not owner-approved.",3 — Blocked on owner/provider/source input,Owner decision/asset/approval required,High,"Approve the final signature/body/display typeface and licensing/hosting approach, then visually sign off the wordmark/typography system.",Dr. Haddad / authorized owner,Contradicted
CF-04,Source conflict,Education timeline conflict: transcript/register Jackson vs current official-profile Drexel.,Transcript 448-456; Register 7; current code,"v40.6 no longer exposes the source conflict as a public warning. The About page follows the higher-authority transcript/Register for current display, while the Drexel-versus-Jackson conflict remains recorded internally.",3 — Blocked on owner/provider/source input,Owner decision/asset/approval required,Blocker,Dr. Haddad resolves the chronology/source conflict in writing for final provenance and dates.,Dr. Haddad / authorized owner,Contradicted
DS-01,Design system,"Use the approved global geometry: 1240px max content width, 12/8/4-column desktop/tablet/mobile grid logic, deliberate side padding, intentional breakpoint compositions, body text never below 16px, and 48px minimum touch targets.","Blueprint Ch.1 §§2-4; Ch.2 §§10,12","v39.1 defines blueprint-aligned color/spacing/content-width tokens and responsive overrides, but source code alone cannot prove every composition follows the intended grid and density.",2 — Our work remains,Built; rendered/interaction/visual proof still required,High,"Render and measure the major routes at all required widths; fix any section that stretches, crowds, scales automatically, drops below 16px body text, or creates sub-48px tap targets.",None,Not previously tracked
DS-02,Design system,"Header is sticky/overlaid on the hero, visually transparent at the top, then becomes about 92% Midnight Navy with a low-opacity bottom border after roughly 40-60px of scroll.",Blueprint Ch.1 §5,"Header state is driven by window.scrollY > 48; v39.1 CSS uses transparent-gradient top state and rgba(9,18,31,.92) scrolled state with a 1px border.",2 — Our work remains,Built; rendered/interaction/visual proof still required,Medium,"Browser-test top/scrolled transitions, sticky behavior, anchor offsets, and contrast on Home and inner routes.",None,Not previously tracked
DS-03,Design system,"Mobile navigation uses an intentional full-height navy panel with large 28-34px links, one filled gold primary CTA, background scroll lock, keyboard focus trapping, Escape close, and focus return.",Blueprint Ch.1 §5; Ch.2 accessibility checklist,"SiteChrome implements scroll lock, focus trap, Escape/focus return, inert background, large mobile links, and a single gold checkout control.",2 — Our work remains,Built; rendered/interaction/visual proof still required,High,"Test keyboard, touch, screen-size, welcome-modal interaction, focus return, and scroll lock on real mobile/tablet viewports.",None,Not previously tracked
DS-04,Design system,Major editorial images use intentional responsive crops/variants; important copy and controls remain live; below-fold media is lazy where appropriate; hero media loads eagerly and no essential face/fetus/organ/book/CTA is cropped.,"Blueprint Ch.1 §6; Ch.2 §§1.8,12,14","v39.1 adds dedicated desktop/mobile derivatives for the approved hero, kitchen, and generations visuals and keeps controls/copy live; other imagery has explicit dimensions/fallbacks but still needs rendered crop/performance proof.",2 — Our work remains,Built; rendered/interaction/visual proof still required,High,"Verify responsive crops, eager/lazy behavior, image dimensions/layout shift, and preservation of all essential subjects across the exact viewport matrix.",None,Not previously tracked
DS-05,Design system,"Motion stays restrained: grouped opacity/translate or tiny image scale only; no bounce, spinning, rapid parallax, or line-by-line spectacle; reduced-motion shows the final stable state immediately.","Blueprint Ch.1 §7; Ch.2 §§1.7,13",Existing motion/reduced-motion source rails and anatomy static fallback implement the intended pattern; source audits cannot prove subjective pacing.,2 — Our work remains,Built; rendered/interaction/visual proof still required,Medium,Review animation pacing on desktop/mobile and reduced-motion; remove any effect that competes with reading or feels theatrical rather than editorial.,None,Not previously tracked
DS-06,Design system,"Footer and mobile legal/navigation content remain legible: legal text at least 14px, touch targets about 48px, and Contact/Newsletter remain discoverable.",Blueprint Ch.2 §9.6; Register 9,v39.1 CSS raises footer-bottom text to 14px and gives footer links/buttons 48px minimum height; footer retains Contact and signup.,2 — Our work remains,Built; rendered/interaction/visual proof still required,Medium,"Verify footer density, wrapping, touch targets, and readability at 320-430px and 200% zoom.",None,Not previously tracked
HV-01,Visual asset,"Use the approved maternal/fetal hero artwork with mother, fetus, placenta, hands/face and dark negative space preserved; essential UI remains live rather than baked into the image.",Blueprint Ch.2 §1; transcript later keeps intro/video separate,"v40 keeps the approved mother/fetus/placenta hero art but changes presentation after local review: the image fills the vertical hero stage, uses cover positioning, and fades into the black background rather than ending as a visible rectangle.",2 — Our work remains,Built; rendered/interaction/visual proof still required,High,"Render desktop/tablet/mobile v40 hero; confirm the hard rectangular edge is gone, mother/fetus/placenta remain legible, copy uses negative space, and no key subject is cropped.",None,Not previously tracked
HV-02,Visual asset,"Use the approved lower-plastic kitchen visual with a visible stainless reverse-osmosis unit, glass storage, stainless drinkware, wood, and cast iron; because the transcript says Home should stay brief, place the detailed visual in Solutions rather than re-bloating Home.","Transcript 108-117, 218-238; Blueprint Ch.2 §4; Register 5",v39.1 puts the approved kitchen visual on Solutions with desktop/mobile crops and live explanatory text; the transcript-priority conflict is resolved in favor of a brief Home action preview.,2 — Our work remains,Built; rendered/interaction/visual proof still required,High,Render Solutions across breakpoints and confirm the RO unit and material cues remain visible and the image helps rather than overwhelms the direct action copy.,None,Not previously tracked
HV-03,Visual asset,"The Join/Community generational visual shows an elderly woman, an adult woman, and a young boy on the dedicated Community experience; the boy must remain visible on mobile and embedded artwork text/buttons must not replace live form content. The latest local homepage review explicitly removes the giant generational image from Home.",Transcript 457-470; Blueprint Ch.2 §8; Register 8; user local review 2026-08-07,v40.8 replaces the cropped generations derivative with the complete 1024×1536 poster from the authoritative Chapter 2 blueprint plus a full-frame mobile derivative; /community uses eager contain rendering and caps desktop height while Home intentionally omits the giant panel.,2 — Our work remains,Built; rendered/interaction/visual proof still required,High,Render /community at desktop/tablet/mobile; verify the full trio remains visible without an awkwardly oversized composition or misleading embedded graphic text.,None,Not previously tracked
HV-04,Visual asset,"Keep the live “greatest inheritance” quote in the lower footer zone on a calm flat dark field. The earlier Earth-at-night photo treatment is superseded by the later rendered review; if any Earth reference remains, it should be only a very faint abstract curve that never competes with the quote.",Transcript 303-308; Blueprint Ch.2 §9; Register 3 lower-site quote; later rendered user reviews 2026-08-07 (Science and Solutions),"v40.3 removes the Earth photo from the live footer, keeps the quote as live text, and uses a flat dark field with a faint CSS Earth-curve treatment. The original Earth asset remains preserved in source provenance.",2 — Our work remains,Built; rendered/interaction/visual proof still required,Medium,"Render footer desktop/mobile/200% zoom; confirm the field reads flat and calm, the faint curve is not distracting, and quote/navigation contrast remains strong.",None,Superseded visual treatment; quote requirement preserved
AS-01,Asset inventory,Preserve the planned professional sculpture photography as a possible authored visual/media asset; do not invent or substitute it if the photos have not been supplied.,Transcript 206-210; Register 11 Sculpture photographs,The project record now explicitly tracks the sculpture-photo request; no final professional sculpture photographs are present in the source package.,3 — Blocked on owner/provider/source input,Owner decision/asset/approval required,Low,"When Dr. Haddad provides the professional sculpture photographs and rights, art-direct their use or explicitly decide they are not needed for launch.",Dr. Haddad / photographer,Not previously tracked
CF-05,Source conflict,"Preserve the About content Dr. Haddad said he liked together with its image, while honoring the later blueprint accessibility rule that important biography copy should be live text rather than flattened into an image.",Transcript 433-434; Blueprint Ch.1 §6 and Ch.2 §6; Register 7,"The current About page uses live biography content and portrait treatment, but the referenced Chapter 3 Parts I/II / exact approved composite content is not preserved in the available source package.",3 — Blocked on owner/provider/source input,Missing source/context required,High,"Recover the Chapter 3 Parts I/II / approved About source, then recreate the approved text-content relationship as accessible live content beside approved imagery rather than shipping a flattened text image.",Missing Chapter 3 / approved About source,Not previously tracked
MC-16,Community,A Linktree-style share/contact collection is optional and should exist only if it serves a real user purpose without duplicating primary navigation.,Transcript 469-471; Register 8 Community,"The current site provides direct Community, Contact, Media, Guides, and social/share paths without adding a redundant Linktree clone; the conditional idea is preserved in documentation.",1 — Done and proven,Source/structure proven,Low,No implementation required unless a concrete future share/contact use case emerges; reassess then rather than adding duplicate navigation.,None,Not previously tracked
CP-01,Copy governance,"Keep specifically rejected AI/meta phrasing out of public reading paths, including “caution can be practical without pretending…,” “build a common relationship with evolving science,” and major “do not turn caution into panic” framing. Do not incorrectly blacklist “small enough to begin, meaningful enough to repeat,” which Dr. Haddad accepted after clarification.",Transcript 345-379; Register Science/Solutions writing rules,The rejected phrases are absent from app source in v39.1; the accepted phrase is not treated as a prohibited regression rule.,1 — Done and proven,Source/structure proven,Medium,"Maintain the rejected-phrase regression audit; if the accepted phrase is reused, judge it in context rather than automatically deleting it.",None,Not previously tracked
LA-01,Launch review,"After the public-domain launch, Dr. Haddad wanted his own long-context ChatGPT Pro to review the live site for missing, redundant, or incorrect elements; its output becomes a tracked review batch rather than ad-hoc edits.",Transcript 514-520; Register Gate 5,The post-launch independent review is now preserved as an explicit launch-stage requirement.,3 — Blocked on owner/provider/source input,Owner decision/asset/approval required,Low,"After public launch and owner access, run Dr. Haddad’s independent review against the public domain and triage recommendations into a versioned change batch.",Dr. Haddad / public launch,Not previously tracked
MC-17,Community,"Newsletter activation requires a real audience-provider flow: Landing Page - Join Movement source attribution, provider/account decision, double-opt-in decision where appropriate, spam protection, correct welcome flow, and successful tests to at least two external email addresses.",Transcript 457-470; Blueprint Ch.2 §8.8; Register 8 Newsletter,"v39.1 has provider abstraction, consent storage, welcome/outbox infrastructure, and provider preflight; real provider/account delivery is intentionally inactive.",3 — Blocked on owner/provider/source input,External account/provider/domain proof required,High,"Choose/configure the marketing audience provider, set source tagging/double-opt-in/spam policy, authenticate sender/domain, and prove signup + welcome + unsubscribe using at least two external addresses.",Audience provider / DNS / owner,Not previously tracked
MC-18,Media,"When official video is published, use a lightweight poster first, no sound autoplay, accessible lightbox/dedicated route, captions/transcript when available, Escape close, and focus return.",Blueprint Ch.2 §7.5; Register 8 Events & Media,"Media infrastructure supports poster/metadata/pending publication, but the official TEDx video and transcript/caption assets are not yet approved/published.",3 — Blocked on owner/provider/source input,Owner decision/asset/approval required,Medium,"After owner confirms the official public video and rights, wire the accessible player/link behavior and test captions/transcript/Escape/focus return.",Official media asset / owner approval,Not previously tracked
QA-01,Quality assurance,"The final visual QA matrix includes 1440x900, 1366 laptop, 1280x800, 1024x768/landscape behavior, 768x1024 portrait, 430x932, 390x844, 375x667, 360 mobile, and 320 minimum width, plus 200% zoom and reduced motion.",Blueprint Ch.1 §3; Ch.2 §§12-14; Register Gate 2,"The QA runbook exists and v39.1 expands the required viewport list, but real rendered proof is pending the Sites/browser environment.",2 — Our work remains,Built; rendered/interaction/visual proof still required,Blocker,Run and archive screenshots/results for the complete viewport/accessibility matrix; any overflow/crop/collision or hierarchy problem becomes a release-blocking defect until corrected.,None,Not previously tracked
AB-13,About,"Any About-page trust row using media, book, speaking, hospital, or TEDx marks must use only verified affiliations/rights and consistent restrained presentation.",Blueprint Ch.2 §6.5; Register 7 approved-photo/credential principle,The site does not fabricate an unverified logo trust row; media/press assets remain gated by verification and rights.,3 — Blocked on owner/provider/source input,Owner decision/asset/approval required,Low,Add a trust row only after Dr. Haddad confirms the affiliations/marks and usage rights; otherwise omit it.,Dr. Haddad / rights approval,Not previously tracked
CF-06,Source conflict,"The older blueprint’s static hero/evidence/TEDx-heavy nine-section Home architecture is superseded where it conflicts with later transcript/Register decisions: interactive anatomy remains the primary body story and TEDx belongs under Events & Media, not a large Home section.","Blueprint Ch.2 §§1-8 versus Transcript 140-182, 285-302; Register 2-3",Current Home keeps the interactive anatomy journey and a restrained Events & Media bridge; no large TEDx section is present. The approved maternal/fetal hero art is reused without restoring superseded TEDx/Home architecture.,1 — Done and proven,Source/structure proven,High,Preserve this authority rule in future redesigns; do not reintroduce the superseded large Home TEDx/static-evidence blueprint merely because it appears in an older document.,None,Not previously tracked
CF-07,Source conflict,The blueprint’s detailed kitchen “Where to Start” Home section is superseded in placement—not content—by Dr. Haddad’s later request to keep Home shorter and send detailed action guidance to Solutions.,"Blueprint Ch.2 §4 versus Transcript 108-117, 218-238; Register 3 Home action bridge",v39.1 keeps Home action guidance compact and places the approved kitchen/RO visual and detailed material guidance on Solutions.,1 — Done and proven,Source/structure proven,Medium,Keep detailed kitchen guidance in Solutions unless a later explicit owner decision reopens Home length/sequence.,None,Not previously tracked
CF-08,Source conflict,Home SEO should preserve the blueprint’s physician-led microplastics/human-health/practical-solutions search intent while later movement identity remains Say No to Plastic and TEDx-specific conversion is not forced into the hero.,Blueprint Ch.1 §9; later movement identity decisions,v39.1 restores the blueprint-aligned Home title/meta intent and adds a 1200x630 candidate social-share image using the approved hero artwork; final social-card visual polish still needs rendered review.,2 — Our work remains,Built; rendered/interaction/visual proof still required,Medium,Inspect generated search/social metadata and social-card crop in a real preview; verify title/description are not overlong and the candidate social image is legible before production.,None,Not previously tracked
CF-09,Source conflict,"The meeting transcript and Master Delivery Register describe the newer European Heart Journal acute-heart-attack/coronary-blood study as 2025, but the verified primary publication used by the site is dated 2026; public evidence must follow the verified primary record while preserving the source conflict.",Transcript 36-46; Register §§3-4; Transcript Reconciliation Audit conflict log; app/content/evidence.ts,"The evidence record uses year 2026, journal European Heart Journal, DOI 10.1093/eurheartj/ehag447, and the primary Oxford Academic URL. The reconciliation audit explicitly records that the Register says 2025 while the primary publication is dated 2026.",1 — Done and proven,Source/structure proven,High,Preserve this conflict row and SC-04 as regression protection. Do not change the public year back to the meeting/Register wording unless the primary publication record itself changes or a documented correction is issued.,None,Not previously tracked
SG-01,Source gap,"A meeting visual was explicitly called “not complete” just before the discussion moved into Guides/Book, but the written transcript alone does not identify which image or what completion was required. This ambiguity must remain visible rather than being guessed away.",Transcript 379-383,The ambiguity is now preserved as a source-gap requirement instead of being silently omitted from the completion count.,3 — Blocked on owner/provider/source input,Missing source/context required,Medium,Recover the original meeting screen/context or ask Dr. Haddad which image was incomplete; map the correction only after the target is identifiable.,Missing meeting visual context,Not previously tracked
SG-02,Source gap,"Before final transcript-completeness signoff, independently compare the preserved original meeting audio with the written transcript. Any substantive instruction, correction, visual reference, wording change, or source detail present in audio but absent/mis-transcribed in the written record must be added to the completion matrix before approval.",Preserved 53:04.96 meeting audio; written 528-line transcript; user concern about remembered details not found literally in the written transcript,"The original M4A and written transcript are both preserved in docs/sources with SHA-256 integrity hashes. The current runtime can inspect audio metadata but has no installed speech-transcription model/engine, so no independent audio-to-text fidelity claim is made.",2 — Our work remains,Built; rendered/interaction/visual proof still required,High,"In a transcription-capable environment, transcribe or human-review the full original audio, diff it against RAW_MEETING_TRANSCRIPT.txt, and add/correct matrix rows for every substantive delta before final requirements signoff. Specifically re-check any remembered but text-absent phrase such as “airplanes/flapping” rather than inventing it now.",None,Not previously tracked
BK-13,Book,Book page must not imply the four preview labels are the complete book; frame them as a preview and show broader territory without inventing an exact table of contents.,Latest user rendered review 2026-08-07; Register §6 book experience,v40.6 replaces the dedicated four-card chapter shorthand with six broad territories and relabels the homepage scroll interaction as four preview windows into a wider inquiry.,2 — Our work remains,Rendered visual/content proof,Medium,Render the dedicated Book page and homepage book journey at desktop/tablet/mobile; confirm the broader map reads as richer without becoming repetitive or implying an exact table of contents.,None,New later user requirement
AB-14,About,"Preserve Dr. Haddad’s education, narrative arc, and philosophy while substantially reducing text density; remove visible owner-confirmation workflow language and balance the closing reflection across the page.",Latest user rendered review 2026-08-07; Transcript 439-456; Register §7,"v40.6 cuts the About page literal copy roughly in half, retains all five story stages and six philosophy principles, keeps Education, removes the public confirmation box/status notes, and rebuilds the closing reflection as a horizontal three-statement composition.",2 — Our work remains,Rendered visual/content proof,High,"Render About at target desktop/tablet/mobile widths; confirm the story is substantially lighter, Education remains clear, and the closing reflection no longer collapses into a tall one-sided column.",None,New later user requirement
MC-19,Media,"Publish the current long-form Homo Plasticus YouTube conversation preserved in the earlier project source, while keeping exact date metadata as a separate verification item.",v30 project source config; later explicit user decision 2026-08-07,v40.7 restores YouTube ID DJuZBIXeiM8 and the preserved title “Homo Plasticus: The Silent Invasion of Microplastics and Human Health” as a playable media entry under recorded user authorization.,2 — Our work remains,Built; rendered/interaction/visual proof still required,Medium,"Render/test click-to-play, external YouTube link, mobile layout, and analytics event; verify exact publication date when source metadata is available.",None for playback; exact date metadata remains pending,Not previously tracked
